sample_id,reference,hypothesis,wer,cer
0,1 TARIHI 10.,カレー人では、スーローゴーも。,0.3333,0.1605
1,Shawulu ya ɗauke ransa.,"Jauhulu, ya daut keren",0.1875,0.0249
2,"To, fa, Filistiyawa suka yi yaƙi da Isra’ilawa; Isra’ilawa kuwa suka gudu a gabansu, da yawa kuma suka mutu a kan Dutsen Gilbowa.",Poli style secret 以 以 以 以 以 以 以 以 以 以 以 以 以 以 以 以 以 以 以 以 以 以 以 以 以 以 以 以 以 以 以 以 以 以 以 以 以 以 以 以 以 以 以 以 以 以 以 以 以 以 以 以 以 以 以 以 以 以 以 以 以 以 以 以 以 以 以 以 以 以 以 以 以 以 以 以 以 以 以 以 以 以 以 以 以 以 以 以 以 以 以 以 以 以 以 以 以 以 以 以 以 以 以 以 以 以 以 以 以 以 以 以 以 以 以 以 以 以 以 以 以 以 以 以 以 以 以 以 以 以 以 以 以 以 以 以 以 以 以 以 以 以 以 以 以 以 以 以 以 以 以 以 以 以 以 以 以 以 以 以 以 以 以 以 以 以 以 以 以 以 以 以 以 以 以 以 以 以 以 以 以 以 以 以 以 以 以 以 以 以 以 以 以 以 以 以 以 以 以 以 以 以 以 以 以 以 以 以 以 以 以 以 以 以 以 以 以 以 以 以,0.4216,0.0231
3,"Filistiyawa suka matsa sosai suna bin Shawulu da ’ya’yansa maza, suka kuma kashe ’ya’yansa maza Yonatan, Abinadab da Malki-Shuwa.","Fulis siya wa soka masasu say suna visha ulu deya ensa maza, seko kumakachi a ensa maza yo nattang a bina de damar kishua",0.0582,0.0024
4,"Yaƙin ya yi tsanani kewaye da Shawulu, kuma sa’ad da maharba suka rutsa shi, sai suka ji masa rauni.",yaki e sana ni ki ue rashagulu kuma saada maharba soka rus aishi soka jima saada ni,0.0471,0.0038
5,"Sai Shawulu ya ce wa mai riƙe masa kayan yaƙi, “Zare takobinka ka soke ni, in ba haka ba waɗannan marasa kaciya za su zo su yi mini ba’a.",sajshawu lechilumai riki masa kae niai zara takovinka kasutini imba haka ba warna mara saka tiya zaasudosi ima nuba,0.0309,0.003
6,Amma mai ɗaukar masa kayan yaƙi ya ji tsoro bai kuwa yi haka ba; saboda haka Shawulu ya zāre takobinsa ya fāɗi a kansa.,mga mga mga raukar masakae niaki yadizuru be kue lihaka ba saborehaka caulia zare toko bansa yapa hali akansa,0.0399,0.004
7,"Da mai ɗaukar masa kayan yaƙi ya ga Shawulu ya mutu, sai shi ma ya fāɗi a kan takobinsa ya mutu.",iya gashawulia mutu,0.0454,0.0104
8,"Ta haka Shawulu da ’ya’yansa maza uku suka mutu, dukan gidansa kuwa suka mutu tare.","Taka-saya urusan dan sama-sama, ukuh, suka mutu, dukkan gidang-sah, kuah, suka mutu, tari.",0.0489,0.0047
9,"Sa’ad da dukan Isra’ilawa a cikin kwari suka ga cewa mayaƙansu suna gudu, kuma cewa Shawulu da ’ya’yansa maza sun mutu, sai suka bar garuruwansu suka gudu.","saada deka isra ilawa atetong kwari, suga chiawa, maia kanzu, zuna agudu, kuma chiawa sihaudu, dea ansamaza sumotu, sai suka vargaru ruan su, suka agudu.",0.0316,0.0021
10,Filistiyawa kuwa suka zo suka zauna a cikinsu.,ii,0.125,0.0249
11,"Kashegari, da Filistiyawa suka zo don su tuttuɓe waɗanda suka mutu, sai suka sami Shawulu da ’ya’yansa maza sun mutu a Dutsen Gilbowa.","Kasi agar di defa leciya asa kadau, don't sitit tutupnya buat dan desak kamu tutup. Seasak asa amu siahulu, dia yang sama-sama sama-sama sama-sama sama-sama sama-sama sama-sama sama-sama sama-sama sama-sama sama-sama sama-sama sama-sama sama-sama sama-sama sama-sama sama-sama sama-sama sama-sama sama-sama sama-sama sama-sama sama-sama sama-sama sama-sama sama-sama sama-sama sama-sama sama-sama sama-sama sama-sama sama-sama sama-sama sama-sama sama-sama sama-sama sama-sama sama-sama sama-sama sama-sama sama-sama sama-sama sama-sama sama-sama sama-sama sama-sama sama-sama sama-sama sama-sama sama-sama sama-sama sama-sama sama-sama sama-sama sama-sama sama-sama sama-sama sama-sama sama-sama sama-sama sama-sama sama-sama sama-sama sama-sama sama-sama sama-sama sama-sama sama-sama sama-sama sama-sama sama-sama sama-sama sama-sama sama-sama sama-sama sama-sama sama-sama sama-sama sama-sama sama-sama sama-sama sama-sama sama-sama sama-sama sama-sama sama-sama sama-sama sama-sama sama-sama sama-sama sama-sama sama-sama sama-sama sama-sama sama-sama sama-sama sama-sama sama-sama sama-sama sama-sama sama-sama sama-sama sama-sama sama-sama sama-sama sama-sama sama-sama sama-sama sama-sama sama-sama sama-sama sama-sama sama-sama sama-sama sama-sama sama-sama sama-sama sama-sama sama-sama sama-sama sama-sama sama-sama sama-sama sama-sama sama-sama sama-sama sama-sama sama-sama sama-sama sama-sama sama-sama sama-sama sama-sama sama-sama sama",0.293,0.096
12,"Suka tuttuɓe shi suka yanke kansa suka ɗauka duk da kayan yaƙinsa, suka kuma aika ’yan aika ko’ina a ƙasar Filistiyawa, a yi shela labarin a cikin gumakansu da kuma mutanensu.","Sokat itu, bahkan sebuah yang dikansar. Sokat dahuka. Duk ada kaya nyakin-kansar. Sokat kuma Aika. Yang Aika. Kau inah kasar polis siapa Aishilah. Lava dengan asak-ing, kuma akan su. Dak kuma mutah nansu.",0.0291,0.0028
13,Suka sa kayan yaƙinsa a haikalin allahnsu suka kuma rataye kansa a haikalin Dagon.,"Soka sa kaayani akinsa, a hai ka lang allansu, chakumara teykan sa, a hai ka lindagon",0.0663,0.0026
14,"Sa’ad da mazaunan Yabesh Gileyad suka ji dukan abin da Filistiyawa suka yi wa Shawulu, sai dukan jarumawa suka tafi suka ɗauki jikunan Shawulu da na ’ya’yansa maza suka kawo Yabesh.","Saad da, Mata-ana ia bersjaleat, soka ditukk kang abinda. Felicia alsokahi, wasia unu. Sedukkan jahar-mawa sokat tapi sokat-awakit jekunang. Shah unu dan ia ia sama-sama. Soka kau yabas.",0.0302,0.0027
15,"Sa’an nan suka binne ƙasusuwan a ƙarƙashin babban itace oak a Yabesh, suka kuma yi azumi kwana bakwai.",از از از از از از از از از از از از از از از از از از از از از از از از از از از از از از از از از از از از از از از از از از از از از از از از از از از از از از از از از از از از از از از از از از از از از از از از از از از از از از از از از از از از از از از از از از از از از از از از از از از از از از از از از از از از از از از از از از از از از از از از از از از از از از از از از از از از از از از از از از از از از از از از از از از از از از از از از از از از از از از از از از از از از از از از از از از از از از از از از از از از از از از از از از از از از از از از از از از از از از از از از از از از از از از از از از از از از از از از از از از از از از,0.6852,0.066
16,"Shawulu ya mutu domin rashin aminci ga Ubangiji; bai kiyaye maganar Ubangiji ba, ya ma nemi shawarar mace mai duba, bai kuwa nemi nufin Ubangiji ba.",yamu tu rumaraising amensi go bengi ji bakeya yamagan o bengi ji ba yamanya meshawarar machamaydu ba bakehuwan yemi nifyung o bengi ji ba,0.0355,0.003
17,"Saboda haka Ubangiji ya kashe shi, ya miƙa mulkin ga Dawuda ɗan Yesse.",多多多多多多多多多多多多多多多多多多多多多多多多多多多多多多多多多多多多多多多多多多多多多多多多多多多多多多多多多多多多多多多多多多多多多多多多多多多多多多多多多多多多多多多多多多多多多多多多多多多多多多多多多多多多多多多多多多多多多多多多多多多多多多多多多多多多多多多多多多多多多多多多多多多多多多多多多多多多多多多多多多多多多多多多多多多多多多多多多多多多多多多多多多多多多多多多多多多多多多多多多多多多多多多多多多多多多多多多多多多多多多多多多多多多多多多多多多多多多多多多多多多多多多多多多多多多多多多多多多多多多多多多多多多多多多多多多多多多多多多多多多多多多多多多多多多多多多多多多多多多多多多多多多多多多多多多多多多多多多多多多多多多多多多多多多多多多多多多多多多多多多多多多多多多多多多多多多多多多多多多多多多多多多多多多多多多多多多多多多多多多多多多多多多多多多多多多多多多多多多多多多多多多多多多多多多多多多多多多多多多多多多多多多多多多多多多多多多多多多多多多多多多,0.0769,0.1416
18,1TAR 10.,さらに,0.5,0.1667
19,Mutuwar Sarki Saul da ta Yayansa.,مطوى رساركي شعونه,0.1667,0.037
20,"Filistiyawa suka yi yaƙi da Israilawa, Israilawa suka gudu a gaban Filistiyawa, aka karkashe su a Dutsen Gilbowa.",فليستياء واسكي ياكيد إسراء الله حرص وجودين إسراء الله واسكة جدو تغبن فيليستياء وان أكككك شهي سواج وجودين إسراء الله دياء الله أبابن تدهن يلبو,0.0772,0.0135
21,"Filistiyawa suka kama Saul da yayansa maza, suka kashe Jonatan da Yishwi, da Malkishuwa.",فلستی آسک اکی و اشعولو دی اینس امازا سکق کشیر سو و اعتو یون آتن ده ابینده ده مالکیشو,0.0969,0.0139
22,"Yaƙin ya tsananta wa Saul, maharba suka rutsa Saul, suka yi masa rauni.","E é que um qual é a exafi que é o E da Shauno? Seu é o Estaciber de Sôdio de Inniiaki, de Abacá, Socahalba, Tessa Ameixe. E é a comaditivo.",0.1834,0.0261
23,"Sai Saul ya ce wa mai ɗaukar makamansa, “Zare takobinka, ka kashe ni, don kada marasa kaciyan nan su zo su yi mini baa.","į atsevo asodiant deikie rikiemas akainijaki. Kazarotako binkakas sokeni, kad a kazaman ar nama rastakatiernansus osu įmini ba.",0.0417,0.0066
24,"” Amma mai ɗaukar makamai nasa bai yarda ba, gama yana jin tsoro ƙwarai.",Maçojen.,0.0769,0.0166
25,Saboda haka sai Saul ya zare takobinsa ya fāɗi a kansa.,سبودها كشعونا,0.0909,0.0227
26,"Saad da mai ɗaukar makamansa ya ga Saul ya mutu, sai shi ma ya faɗi a kan takobinsa ya mutu.",Δεσφατδε ακεί.,0.05,0.0141
27,"Ta haka Saul ya mutu, shi da yayansa maza guda uku tare da dukan gidansa.",تحكش عول يا موطو، شيد أعانسة مزاء أكو، دوكم وقتاً ده، الثاثف إيرا، ييمولكي، ده جتيكي جداً سنسة,0.08,0.0215
28,"Saad da dukan Israilawa waɗanda suke zaune a kwari suka ga sojojin sun gudu, Saul kuma da yayansa maza sun mutu, sai suka bar garuruwansu suka gudu.","Saadamutanen israila, dezuki zama aqaring sazarel. Suka gashoyoji ojin, suna gudu, kumasuka diche wa shawulu, dea enza sun mūtu. Sei su ma suka gudu suka bargaru ruansu.",0.0357,0.0052
29,Filistiyawa suka zo suka zauna a wurin.,Filih stiava koha suka zō suka zāuna a worin,0.1224,0.0088
30,"Kashegari, saad da Filistiyawa suka tafi su kwashe waɗanda aka kashe, sai suka tarar da Saul da yayansa maza matattu a Dutsen Gilbowa.","Vase a garit de flistea, să cază să cu a si ca ea, mă să am făni de gă. Ga oăkin, vădănd de acă cătăşe. Se să căsă ami, Ga oăkin, sau ulu, de a ensa, acămbă băntul dângele băuă.",0.0737,0.0078
31,"Suka kuwa tuɓe tufafinsa, suka datse kansa suka ɗauka duk da kayan yaƙinsa, suka aiki manzanni koina a ƙasar Filistiyawa don su ba gumakansu da jamaarsu wannan albishir.","kaya nke kanshawunu, soka dawki kansa da kaya nyeikinsa, soka aika da'insa ako, soako ena akasar fa listiawa, soke labaari me da'i kamuta nensu, sokuma gode wa gumakansu,",0.0357,0.0044
32,"Sai suka ajiye kayan yaƙin Saul a gidan gumakansu, suka kuma rataye kansa a gidan gunkin nan, wato Dagon.",سكساكايا كيشاولو داكين اللي لنسوكك فكنسا بنجوان داكين جنسو داو جنسو,0.0526,0.0119
33,"Saad da mutanen Yabesh-gileyad suka ji irin abin da Filistiyawa suka yi wa Saul, sai dukan ƙarfafan mutanensu suka tafi suka ɗauki gawar Saul, da gawawwakin yayansa, suka kawo a Yabesh suka binne ƙasusuwansu a ƙarƙashin itacen oak cikin Yabesh.",ماذا متانا اندسكي زمع عيابش كليت سكجاب اندى فليستياء واسكيواشعولو سي مزنسو مع السكارفينزوش سكتاش سكت في سكتكي غارش عولو تاردى اعنسا سككاو عيابش سكبيني كسوسوانسو كرقشين اتااجعين مرار بوشيوة عيابش,0.025,0.005
34,Suka yi azumi har kwana bakwai.,Куална Бакой,0.1667,0.04
35,"Haka nan Saul ya mutu saboda laifin da ya yi wa Ubangiji, gama bai kiyaye maganar Ubangiji ba, saboda kuma ya nemi shawara wurin masu mabiya.","hakan el Shaulu yamutu, sabodal hakim znibinsa nirashim aminti ga yawi, bayib yaliag omrna yawiba, kuma yatafi domin yanemishawara de garukohim matetu,",0.037,0.0052
36,Amma bai nemi Ubangiji ba.,Мабы не имя варады гайару и бай,0.28,0.0567
37,"Domin haka Ubangiji ya kashe shi, ya ɗauki sarautar, ya ba Dawuda ɗan Yesse.",حقا يا ويعا قشيشي يا قما جن جمول كن دغحننصة زوحن دو دا ان يسي,0.0765,0.0167
38,1 TARIHI 1.,体測りにとで、数らだ。,0.3333,0.1406
39,Rubutaccen tarihi daga Adamu zuwa Ibrahim.,berbutat cinta hari di agar Aida Mu dua ibrahih.,0.25,0.0108
40,Zuwa ’Ya’yan Nuhu Maza.,Az új a e-nóhom az a...,0.375,0.0311
41,"Adamu, Set, Enosh.","Ademo, sete, é no chão.",0.5556,0.0355
42,"Kenan, Mahalalel, Yared.",محلالي,0.3333,0.0526
43,"Enok, Metusela, Lamek, Nuhu.",nuhu,0.1875,0.0385
44,"’Ya’yan Nuhu maza su ne, Shem, Ham da Yafet.",انا نوك مداصوني شام حام بحافي,0.1111,0.0323
45,Mutanen Yafet.,muta a Neaphe.,0.75,0.0417
46,’Ya’yan Yafet maza su ne.,Ja enjápe tma da su ní.,0.2,0.0247
47,"Gomer, Magog, Madai, Yaban, Tubal, Meshek da Tiras.",gomer magok madai yaban tubal meyashak,0.0625,0.0069
48,’Ya’yan Gomer maza su ne.,Dan Anggu Omar Madasunin.,0.2,0.0247
49,"Ashkenaz, Rifat da Togarma.",as can as refats da to garama,0.375,0.0145
50,’Ya’yan Yaban maza su ne.,yang enyabung pada suni.,0.2,0.0247
51,"Elisha, Tarshish, Kittim da Rodanim.",ایلیشا ترسیز کهتیم دع رو دنیم,0.24,0.0345
52,Mutanen Ham.,Mutani Ham.,0.25,0.02
53,’Ya’yan Ham maza su ne.,"那也好,我再说",0.2,0.0625
54,"Kush, Masar Fut da Kan’ana.","Kus, Maser, Food, Da Ken Ane",0.2,0.0175
55,’Ya’yan Kush maza su ne.,وانكوس مدعسوني,0.2,0.0588
56,"Seba, Hawila, Sabta, Ra’ama da Sabteka.","Sabha, Hawila, Sapta, Rama, Dastavteka,",0.1389,0.0071
57,’Ya’yan Ra’ama maza su ne.,Ya Rama Madasuni.,0.2,0.0185
58,Sheba da Dedan.,the data.,0.3333,0.0486
59,Kush shi ne mahaifin.,戒尼马海平,0.25,0.0588
60,"Nimrod, wanda ya yi girma ya zama babban jarumi a duniya.","ini merot, wanda ya girmah, ya dambah banjar ini, adunnya",0.0744,0.0059
61,Masar shi ne mahaifin.,Mastar Aşı'yı neyim akayı pun?,0.3125,0.034
62,"Ludiyawa, Anamawa, Lehabiyawa, Neftuhawa, Fatrusawa, Kasluhiyawa da Kaftorawa.",Lidia-lidia-lidia-lidia-lidia-lidia-lidia-lidia-lidia-lidia-lidia-lidia-lidia-lidia-lidia-lidia-lidia-lidia-lidia-lidia-lidia-lidia-lidia-lidia-lidia-lidia-lidia-lidia-lidia-lidia-lidia-lidia-lidia-lidia-lidia-lidia-lidia-lidia-lidia-lidia-lidia-lidia-lidia-lidia-lidia-lidia-lidia-lidia-lidia-lidia-lidia-lidia-lidia-lidia-lidia-lidia-lidia-lidia-lidia-lidia-lidia-lidia-lidia-lidia-lidia-lidia-lidia-lidia-lidia-lidia-lidia-lidia-lidia-lidia-lidia-lidia-lidia-lidia-lidia-lidia-lidia-lidia-lidia-lidia-lidia-lidia-lidia-lidia-lidia-lidia-lidia-lidia-lidia-lidia-lidia-lidia-lidia-lidia-lidia-lidia-lidia-lidia-lidia-lidia-lidia-lidia-lidia-lidia-lidia-lidia-lidia-,0.125,0.1245
63,Kan’ana shi ne mahaifin.,กันอานาศีนี่ม่าให้พิน,0.25,0.0526
64,"Sidon ɗan farinsa, da Hittiyawa, Yebusiyawa, Amoriyawa, Girgashiyawa Hiwiyawa, Arkiyawa, Siniyawa, Arbadiyawa, Zemarawa da Hamawa.","dan parasa, dahit di awal, yang busi awal, kamu di awal, gargah jika, kibu yawa, arh kihawa, sinyawa, arba di awal, Z-marawa, dahama awal,",0.1067,0.0033
65,Semiyawa.,是,1.0,0.125
66,’Ya’yan Shem maza su ne.,"Yalan içem, madazlı uyu",0.2,0.0311
67,"Elam, Asshur, Arfakshad, Lud da Aram.",سيلا أسهر قصد لت the عام,0.1667,0.0344
68,’Ya’yan Aram maza su ne.,Yang arah masa Sunni,0.2,0.0242
69,"Uz, Hul, Geter da Meshek.","who's full, getter, the mechat.",0.2,0.0401
70,Arfakshad shi ne mahaifin Shela.,سيكون محاولة,0.2,0.037
71,Shela kuwa shi ne mahaifin Eber.,سالك وشييني محيبين,0.1667,0.0385
72,Aka haifa wa Eber ’ya’ya maza biyu.,وكا حيث بها,0.1429,0.0385
73,Aka kira ɗaya Feleg domin a lokacinsa ne aka raba duniya; sunan ɗan’uwansa kuwa shi ne Yoktan.,"Kaka kerat defelek, dua mingat lho kacin sana akara badunya. Sunat dau uang sokuah, si ne yok tak.",0.0588,0.0043
74,Yoktan shi ne mahaifin.,Yoktan işin neyeme haypilin.,0.1875,0.0249
75,"Almodad, Shelef, Hazarmawet, Yera Hadoram, Uzal, Dikla, Ebal, Abimayel, Sheba, Ofir, Hawila da Yobab.","Almodet, Shaleb, Hazarmawet, Yera, Haduram, Uzal, Dikla, Ebal, Abmael, Shaeba, Opr, Haawila, Daivab.",0.0459,0.0024
76,Dukan waɗannan ’ya’yan Yoktan maza ne.,dan yang awak tak nak buat dengan awak.,0.2222,0.0233
77,Zuriyar Shem.,Zuriecie.,0.5,0.0496
78,"Shem, Arfakshad, Shela.",سم,0.3333,0.0556
79,"Eber, Feleg, Reyu.",Fela. Reyu.,0.2222,0.0355
80,"Serug, Nahor, Tera.",Naha'or,0.3333,0.051
81,da Abram .,Abrea!,0.5,0.0816
82,Iyalin Ibrahim.,یعر ابراہی,0.5,0.0769
83,"’Ya’yan Ibrahim maza su ne, Ishaku da Ishmayel.",多いに、プラフェ・丸を数に、石丸く、出、石丸,0.125,0.0278
84,Zuriyar Hagar.,زوری احگر,0.5,0.0833
85,Waɗannan su ne zuriyarsu.,What are the soonest videos?,0.3125,0.0363
86,"Nebayiwot ɗan farin Ishmayel, Kedar, Adbeyel, Mibsam, Mishma, Duma, Massa, Hadad, Tema Yetur, Nafish da Kedema.",kdr adb mipsam mishma duma masa hada tema yatur nafis,0.0508,0.0059
87,Waɗannan su ne ’ya’yan Ishmayel maza.,"Bu her anasu ne a1,1 mil.",0.1667,0.025
88,Zuriyar Ketura.,Зуряки и Тура.,0.75,0.0769
89,"’Ya’yan Ketura maza, ƙwarƙwarar Ibrahim su ne.","자, 앵크 Touramada.",0.1429,0.0231
90,"Zimran, Yokshan, Medan, Midiyan, Ishbak da Shuwa.","Zimran, yoksa, meydan, mire, isbak,",0.1224,0.0111
91,’Ya’yan Yokshan maza su ne.,"Egy a ényyoksen, Madasúni.",0.2,0.0225
92,Sheba da Dedan.,Shiba da data,0.2222,0.0278
93,’Ya’yan Midiyan maza su ne.,"Ya, media, madah-soon.",0.2,0.0275
94,"Efa, Efer, Hanok, Abida da Elda’a.",افر حانوك عبيدة دع,0.1667,0.0417
95,Dukan waɗannan su ne zuriyar Ketura.,"Dukkan apa dan langsungnya Zureer, ketura.",0.1389,0.0144
96,Zuriyar Saratu.,Züria sarı tu,0.75,0.0237
97,Ibrahim shi ne mahaifin Ishaku.,برہ ویسی نیمہہ پیشاک,0.2,0.0385
98,’Ya’yan Ishaku maza su ne.,e choco uma das sumis.,0.2,0.0416
99,Isuwa da Isra’ila.,Kau tak nak beritahu awak.,0.5556,0.0765
100,’Ya’yan Isuwa maza.,やりに数が,0.3333,0.0714
101,"’Ya’yan Isuwa maza, su ne.",И сло Мадасуни.,0.2,0.0556
102,"Elifaz, Reyuwel, Yewush, Yalam da Kora.","Реюэл, я ущик, я лам, до кура.",0.1944,0.0333
103,’Ya’yan Elifaz maza su ne.,"Saya en el-epas, Madasuni.",0.2,0.0194
104,"Teman, Omar, Zefi, Gatam, Kenaz.","Thayman, Omar, ZAP, Gatam, Kenaz",0.08,0.0113
105,da Timna wanda aka haifa wa Amalek.,وانداء كهيفة واملك,0.1429,0.0357
106,’Ya’yan maza Reyuwel su ne.,ورعي ويضاً,0.2,0.05
107,"Nahat, Zera, Shamma da Mizza.","Βαρθα, Βαρθα, Βαρθα, Βαρθα, Βαρθα, Βαρθα, Βαρθα, Βαρθα, Βαρθα, Βαρθα, Βαρθα, Βαρθα, Βαρθα, Βαρθα, Βαρθα, Βαρθα, Βαρθα, Βαρθα, Βαρθα, Βαρθα, Βαρθα, Βαρθα, Βαρθα, Βαρθα, Βαρθα, Βαρθα, Βαρθα, Βαρθα, Βαρθα, Βαρθα, Βαρθα, Βαρθα, Βαρθα, Βαρθα, Βαρθα, Βαρθα, Βαρθα, Βαρθα, Βαρθα, Βαρθα, Βαρθα, Βαρθα, Βαρθα, Βαρθα, Βαρθα, Βαρθα, Βαρθα, Βαρθα, Βαρθα, Βαρθα, Βαρθα, Βαρθα, Βαρθα, Βαρθα, Βαρθα, Βαρθα, Βαρθα, Βαρθα, Βαρθα, Βαρθα, Βαρθα, Βαρθα, Βαρθα, Βα",2.56,0.655
108,Mutanen Seyir a Edom.,مطاناً سير أعدم,0.25,0.0588
109,’Ya’yan Seyir maza su ne.,a jen sejrma dastuní.,0.2,0.0247
110,"Lotan, Shobal, Zibeyon, Ana, Dishon, Ezer da Dishan.",دیشان,0.125,0.0256
111,’Ya’yan Lotan maza su ne.,dan lo tembada suni,0.2,0.0247
112,Hori da Homam.,da,0.2222,0.0744
113,Timna ita ce ’yar’uwar Lotan.,Tumna i tati er uar lota,0.24,0.0145
114,’Ya’yan Shobal maza su ne.,مدعسوني,0.2,0.0526
115,"Alwan, Manahat, Ebal, Shefo da Onam.",one. Manahat. Evel. Shreepu. The O-Nam.,0.1111,0.0192
116,’Ya’yan Zibeyon maza su ne.,Egyenzebeyon madasúni.,0.2,0.0175
117,Aiya da Ana.,the honor.,0.3333,0.1111
118,Ɗan Ana shi ne.,Don't honor him.,0.25,0.0744
119,Dishon.,be sure.,2.0,0.1389
120,’Ya’yan Dishon maza su ne.,De a endisem madassúni.,0.2,0.0305
121,"Hemdan, Eshban, Itran da Keran.","yang menemukan, yang sebandat, itran, dakihran",0.24,0.033
122,’Ya’yan Ezer maza su ne.,Egyen ez a remadassúni.,0.2,0.0311
123,"Bilhan, Za’aban da Ya’akan.",بلحان,0.25,0.05
124,’Ya’yan Dishan maza su ne.,"Ja, Endlicher mal das zuunieren.",0.2,0.0416
125,Uz da Aran.,"Deus, da Aranha.",0.2222,0.0781
126,Masu mulkin Edom.,Mahsamalık'ın erdem.,0.3333,0.0306
127,Waɗannan su ne sarakunan da suka yi sarauta a Edom kafin wani sarkin mutumin Isra’ila yă yi sarauta.,ytah,0.0556,0.0119
128,"Bela ɗan Beyor, wanda aka kira birninsa Dinhaba.",بلى لم بير. وان لاكرابر الانسة.,0.125,0.0256
129,Sa’ad da Bela ya mutu sai Yobab ɗan Zera daga Bozra ya gāje shi a matsayin sarki.,از از از از از از از از از از از از از از از از از از از از از از از از از از از از از از از از از از از از از از از از از از از از از از از از از از از از از از از از از از از از از از از از از از از از از از از از از از از از از از از از از از از از از از از از از از از از از از از از از از از از از از از از از از از از از از از از از از از از از از از از از از از از از از از از از از از از از از از از از از از از از از از از از از از از از از از از از از از از از از از از از از از از از از از از از از از از از از از از از از از از از از از از از از از از از از از از از از از از از از از از از از از از از از از از از از از از از از از از از از از از از از,0.7682,0.1119
130,"Da Yobab ya mutu, Husham daga ƙasar Temaniyawa ya gāje shi a matsayin sarki.","Dia mau bilang, aku sham, dia kasar teman-teman yang agar jisi, sama saya yang sedikit.",0.0765,0.0097
131,"Sa’ad da Husham ya mutu, Hadad ɗan Bedad, wanda ya ci Midiyan da yaƙi a cikin ƙasar Mowab, ya gāje shi a matsayin sarki.","Sada husham, ya mutu, hada, dan beda, 1 day to medium, daya di atikin kasar mau, ya ga j asi, amat yang terkek.",0.0365,0.0037
132,Aka kira birninsa Awit.,¿Qué es la que la aburna y esa? Aún.,0.5625,0.0499
133,"Da Hadad ya mutu, Samla daga Masreka ya gāje shi a matsayin sarki.",s,0.0769,0.0189
134,"Sa’ad da Samla ya mutu, Sha’ul daga Rehobot na kogi ya gāje shi a matsayin sarki.",ساعدة سملي مطو شاول دغري حوضت نقوية يغاجهة ومسان سركي,0.0625,0.0161
135,"Sa’ad da Sha’ul ya mutu, Ba’al-Hanan ɗan Akbor ya gāje shi a matsayin sarki.",ساعدة شاءول يمتو بالحنان دن أكبر يجب جيشي امتاين سركي,0.0714,0.0175
136,"Sa’ad da Ba’al-Hanan ya mutu, Hadad ya gāje shi a matsayin sarki.","Saadaba al Hanaan Yamutu. Hadat Yaga Jishi, Amasa Inserki.",0.0833,0.0033
137,"Aka kira birninsa Fau, sunan matarsa kuwa Mehetabel ’yar Matired, ’yar Me-Zahab.",قاكرة برننسة فو سنما تصكوى محاتبل. ارى ميطرى. ارى مي زاحب,0.0833,0.0159
138,Hadad shi ma ya mutu.,Hadi hadi.,0.2,0.043
139,Manyan Edom su ne.,Mangannya adamsunin.,0.25,0.0408
140,"Timna, Alwa, Yetet Oholibama, Ela, Finon Kenaz, Teman, Mibzar, Magdiyel da Iram.","Timina, Alua, Yeetet, O Hollywood Mama, Ella, Pinon, Kenaz, Tehama, Mipsar, Magdiel, The Iran",0.0903,0.0059
141,Waɗannan su ne manyan Edom.,Apa yang nesunin menyang?,0.2,0.0269
142,1TAR 1.,とりいえだだや。,0.5,0.28
143,Zuriyar Nuhu.,زوريار أدم,0.5,0.0909
144,"Adamu ya haifi Shitu, Shitu ya haifi Enosh, Enosh ya haifi Kenan, Kenan ya haifi Mahalalel, Mahalalel ya haifi Yared, Yared ya haifi Anuhu, Anuhu ya haifi Metusela, Metusela ya haifi Lamek.",هذا مياء في ست ست ياهي في اناش اناش ياهي في كنان كانا ياهي في مهاللل مهاللل لياهي في ااريت ياهي في انا اناك ياهي في مكتوسلة مكتوسلة ياهي في الامت,0.0312,0.0067
145,"Lamek ya haifi Nuhu, Nuhu ya haifi Shem, da Ham, da Yafet.",لامت ديار في نوه نو ديار في شم دهام ديار في,0.0833,0.0233
146,Zuriyar Yafet Nuhu.,Zuria ryaf et.,0.3333,0.0195
147,"Yayan Yafet, maza ke nan, Gomer, da Magog, da Madai, da Yawan, da Tubal, da Meshek, da Tiras.","ului a făt suni, cabilung o măr, de maga, de magei, de eabăn, de tubal, de misa, de tiras.",0.0525,0.0076
148,"Yayan Gomer, maza, su ne Ashkenaz, da Rifat, da Togarma.",Gomer Suni Kabilun askenis de difet de ta gorma,0.09,0.013
149,"Yayan Yawan, maza, su ne Elisha, da Tarshish, da Kittim, da Rodanim.",bir yer yabansunu kabili ile isa da tarisis da kitim de redo,0.0694,0.0108
150,Zuriyar Ham.,I'm sorry I had a problem.,1.5,0.14
151,"Yayan Ham, maza, su ne Kush, da Mizrayim, da Fut, da Kanana.",سنة,0.0833,0.0233
152,"Yayan Kush, maza, su ne Seba, da Hawila, da Sabta, da Raama, da Sabteka.",سنة قبل الشبه دهويلة دسابتا دراءامة دسابتا قبل,0.0714,0.0192
153,"Yayan Raama, maza, su ne Sheba da Dedan.","Amasune, ca bine la siba, de dida.",0.125,0.0222
154,Kush shi ne mahaifin Lamirudu wanda shi ne ya fara ƙasaita a duniya.,"Kuş neye hayfi, ne mırot? Ne mırot ya yigirma? Ezema Gönün yaky adun ya.",0.0769,0.0129
155,"Mizrayim shi ne mahaifin jamaar Ludawa, da Anamawa, da Lehabawa, da Naftuhawa, da Fatrusawa, da Kasluhawa tushen Filistiyawa ke nan, da Kaftorawa.",مصر يحفي كبيراً لدنانم لنلحة لننفتو لنفتو رس لنكيرت لنكسلو انتفليس تياء واسكفتو,0.0455,0.0085
156,"Kanana shi ne mahaifin Sidon ɗan farinsa, da Het, da Yebusiyawa, da Amoriyawa, da Girgashiyawa, da Hiwiyawa, da Arkiyawa, da Siniyawa, da Arwadiyawa, da Zemariyawa, da Hamatiyawa.",كان آنا نيح في سيداً تنسن فاري. ماذا رير سيدونيا وهي التياء وهيبوسياء وهي عمورياء وهي تجرغها سياء وهي عويياء وهي عوهي عوهي عرقياء وهي سي نياء وهي عروع دياء وهي زمارياء وهي عماتياء وهي,0.048,0.0073
157,Zuriyar Shem.,"Зуря, ищем!",0.5,0.0909
158,"Yayan Shem, maza, su ne Elam, da Asshur, da Arfakshad, da Lud, da Aram, da Uz, da Hul, da Geter, da Meshek.",سنة قبل الام.,0.0455,0.0133
159,"Arfakshad shi ne mahaifin Shela, Shela kuma shi ne mahaifin Eber.",أرفك شك يا في شيلة,0.0909,0.0189
160,Yaya biyu maza ne aka haifa wa Eber.,got ya mosa''''',0.125,0.0319
161,"Sunan ɗayan Feleg, saboda a lokacinsa ne aka karkasa duniya, sunan ɗanuwansa kuwa Yokatan.","n k d c , felet gama alokachinsane akarabadunia",0.0714,0.0082
162,"Yokatan shi ne mahaifin Almoda, da Shelef, da Hazarmawet, da Yera, da Adoniram, da Uzal, da Dikla, da Ebal, da Abimayel, da Sheba, da Ofir, da Hawila, da Yobab.",يقر يأفي الموضة ده سيلاف دهزر موات دهارة ده دورم دهوزر ديقلى دهوبر دهويلة,0.0345,0.0084
163,"Waɗannan duka su ne yayan Yokatan, maza.",yag yag tany wa tukinazu,0.1429,0.0215
164,"Shem ya haifi Arfakshad, Arfakshad ya haifi Shela, Shela ya haifi Eber, Eber ya haifi Feleg, Feleg ya haifi Reyu, Reyu ya haifi Serug, Serug ya haifi Nahor, Nahor ya haifi Tera, Tera ya haifi Abram, wato Ibrahim ke nan.",سنة أبراً سنة أكفكشة تشيلة أبر تفالكس تريو تسيرك The Network The Terror The Abraham while to Abraham,0.025,0.005
165,Zuriyar Ismailu da Ketura.,Zorya'da İbrahim.,0.25,0.0331
166,"Yayan Ibrahim, maza, su ne Ishaku da Ismailu.",İçme.,0.125,0.0269
167,Ga zuriyarsu.,Katar'ı izliyorduk.,0.5,0.0826
168,"Nabayot shi ne ɗan farin Ismailu, saan nan sai Kedar, da Abdeyel, da Mibsam, da Mishma, da Duma, da Massa, da Hadad, da Tema, da Yetur, da Nafish, da Kedema.",Bu ne?,0.0322,0.0083
169,"Waɗannan su ne yayan Ismailu, maza.",Bu de ne ne yiyeyim o zaman işme? Zurya Rukiye Turan,0.2778,0.0383
170,"Yaya maza na Ketura, wato ƙwarƙwarar Ibrahim, su ne Zimran, da Yokshan, da Medan, da Madayana, da Yisbak, da Shuwa.",اگا امازاله که تره مرتر دی براهی می ازیه سونی زمرای دیکشا دیمی دمی دیین دیش باب دیشو,0.05,0.0114
171,"Yayan Yokshan, maza, su ne Sheba, da Dedan.",Ya yamanı anayuk can su ne? Şiba ve di de.,0.125,0.0186
172,"Yayan Madayana, maza, su ne Efa, da Efer, da Hanok, da Abida, da Eldaya.",اذا اذا اذا اذا اذا اذا اذا اذا اذا اذا اذا اذا اذا اذا اذا اذا اذا اذا اذا اذا اذا اذا اذا اذا اذا اذا اذا اذا اذا اذا اذا اذا اذا اذا اذا اذا اذا اذا اذا اذا اذا اذا اذا اذا اذا اذا اذا اذا اذا اذا اذا اذا اذا اذا اذا اذا اذا اذا اذا اذا اذا اذا اذا اذا اذا اذا اذا اذا اذا اذا اذا اذا اذا اذا اذا اذا اذا اذا اذا اذا اذا اذا اذا اذا اذا اذا اذا اذا اذا اذا اذا اذا اذا اذا اذا اذا اذا اذا اذا اذا اذا اذا اذا اذا اذا اذا اذا اذا اذا اذا اذا اذا اذا اذا اذا اذا اذا اذا اذا اذا اذا اذا اذا اذا اذا اذا اذا اذا اذا اذا اذا اذا اذا اذا اذا اذا اذا اذا اذا اذا اذا اذا اذا اذا اذا اذا اذا اذا اذا اذا اذا اذا اذا اذا اذا اذا اذا اذا اذا اذا اذا اذا اذا اذا اذا اذا اذا اذا اذا اذا اذا اذا اذا اذا اذا اذا اذا اذا اذا اذا اذا اذا اذا اذا اذا اذا اذا اذا اذا اذا اذا اذا اذا اذا اذا اذا اذا اذا اذا اذا اذا اذا اذا اذا اذا اذا اذا اذا اذا اذا اذا اذا اذا اذا اذا اذا اذا اذا اذا اذا اذا اذا,1.1327,0.2463
173,"Waɗannan duka su ne yayan Ketura, maza.","Bu kadar da duruyor ki, duruyor.",0.1429,0.0229
174,Zuriyar Isuwa.,you,0.5,0.0694
175,Ibrahim shi ne mahaifin Ishaku.,"You're breaking, yeah, I feel so good.",0.28,0.0311
176,"Yayan Ishaku, maza, su ne Isuwa da Israila.",اذا امضان اشاكو سوني يسوى دائس رائيلة,0.125,0.0303
177,"Yayan Isuwa, maza, su ne Elifaz, da Reyuwel, da Yewush, da Yalam da Kora.",يأتي بشكل كامل,0.0714,0.0185
178,"Yayan Elifaz, maza, su ne Teman, da Omar, da Zeho, da Gatam, da Kenaz, da Tima, da Amalek.",Amele,0.0556,0.0144
179,"Yayan Reyuwel, maza kuwa, su ne Nahat, da Zera, da Shamma, da Mizza.",رئيوال سنة كبيرن نحط ذرى دشاما دمزا,0.0769,0.02
180,"Yayan Seyir, maza kuma, su ne Lotan, da Shobal, da Zibeyon, da Ana, da Dishon, da Ezer, da kuma Dishan.",Yülüs sayır akasır edem.,0.05,0.0108
181,"Yayan Lotan, maza, su ne Hori, da Hemam.","Latin Sunae, don't go again, holy. The Hormom.",0.125,0.0285
182,Timna ce yaruwar Lotan.,"Timna, your Uallahu alahtunya",0.1875,0.0416
183,"Yayan Shobal, maza, su ne Alwan, da Manahat, da Ebal, da Sheho, da Onam.",سنة تنجواجين الوان. تمنعات.,0.0714,0.0192
184,"Yayan Zibeyon, maza su ne Aiya da Ana.",Yaa yama zana zibör yumsuz ne? Ayya da anla,0.1094,0.019
185,Dishon shi ne ɗan Ana.,then Anna Sune Dysion.,0.2,0.0519
186,"Yayan Dishon, maza kuwa, su ne Hemdan, da Eshban, da Yitran, da Keran.","Gindition Sunne, andon, the Ishban, the Eteron, the Kera.",0.0769,0.0118
187,"Yayan Ezer, maza, su ne Bilhan, da Zayawan, da Akan.",The,0.1,0.0256
188,"Yayan Dishan, maza, su ne Uz da Aran.",the,0.125,0.0343
189,-Waɗannan su ne sarakunan da suka yi sarauta a ƙasar Edom kafin wani Sarkin Israila ya ci sarauta.,وانا ننسرع كنان دسوك يملكي أكثر أدن كافي اسراء الى واسساميسة,0.0556,0.0127
190,"Bela ɗan Beyor, sunan birninsa kuwa Dinhaba.","they are bigger. Soon, we are in this aqua dine harbor.",0.2245,0.0201
191,Yobab ɗan Zera na Bozara.,"Дензер, это босер.",0.2,0.05
192,Husham na ƙasar Teman.,Bu şer de kastan tirmans,0.3125,0.0401
193,"Hadad ɗan Bedad na Awit, wanda ya kori Madayanawa a filin Mowab.",هذا الدن,0.0833,0.0196
194,Samla na Masrek.,"nesa, aweet nei.",0.3333,0.0651
195,Shawul na Rehobot wadda take bakin Kogin Yufiretis.,", , , , , , , , , , , , , , , , , , , , , , , , , , , , , , , , , , , , , , , , , , , , , , , , , , , , , , , , , , , , , , , , , , , , , , , , , , , , , , , , , , , , , , , , , , , , , , , , , , , , , , , , , , , , , , , , , , , , , , , , , , , , , , , , , , , , , , , , , , , , , , , , , , , , , , , , , , , , , , , , , , , , , , , , , , , , , , , , , , , , , , , , , , , , , , , , , , , , , , , , , , , , , , , , , , , , , , , , , , , , , , , , , , , , , , , , , , , , , , , , , , , , , , , , , , , , , , , , , , , , , , , , , , , , , , , , , , , , , , , , , , , , , , , , , , , , , , , , , , , , , , , , , , , , , , , , , , , , , , , , , , , , , , , , , , , , , , , , , , , , , , , , , , , , , , , , , , , , , , , , , , , , , , , , , , , , , , , , , , , , , , , , , , , , , , , , , , , , , , , , , , , , , , , , , , , , , , , , , , , , , , , , , , , , , , , , , , , , , , , , , , , ,",0.125,0.0233
196,Baal-hanan ɗan Akbor.,بأل,0.3333,0.0588
197,"Hadad na Fau, sunan matarsa kuma Mehetabel yar Matred, wato jikar Mezahab.","Hade, yagaj, yaşı yazıma sırki, suden bir nesok ua fo. Su namatarça maheltabal. Ermetre, Metre er, Mizahab.",0.1181,0.0147
198,Hadad kuwa ya rasu.,"Adaz, şimaya mutlu.",0.25,0.04
199,"Sarakunan Edom su ne Timna, da Alwa, da Yetet, da Oholibama, da Ila, da Finon, da Kenaz, da Teman, da Mibzar, da Magdiyel, da Iram.",سراكن أدام سوني تمنى The Alwa The Atate The Holy Bama The Ela The Fidon The Candace The Tliman The Biz Bar The Magdilian The Iram What the Nansune Sراكن An Edum,0.0496,0.01
200,1 TARIHI 13.,太利,0.3333,0.1111
201,Dawowa da akwatin alkawari.,では、数らゴーもしはごく。,0.25,0.0435
202,"Sai Dawuda ya tattauna da kowane ɗaya daga cikin shugabanninsa, shugabannin sojoji na dubu-dubu da na ɗari-ɗari.",seda ora atata onaro koan eara katakensu gaban nensa.,0.0588,0.007
203,"Sa’an nan ya ce wa dukan taron Isra’ila, “In ya yi muku kyau kuma in nufin Ubangiji Allahnmu ne, bari mu aika da saƙo nesa da kuma ko’ina zuwa ga sauran ’yan’uwanmu a duk iyakokin Isra’ila, da kuma zuwa ga firistoci da Lawiyawa waɗanda suke tare da su a garuruwansu da makiyayansu, su zo wurinmu.","saha naye cil aduk kantaran isera ilah. Inya yang mau kecau. Kuma inno film ubang saja di alam ini. Baru maai kardesaku, nesah, dokuma ko inah. Zua aga sauran yang uamu. Aduk ia ko king isera ilah. Dokuma Zua aga furus toti, dah lau iawa, orang dah sekierat daradah su, agar uruan su. Dah, maka ayah su. Suza urum",0.0188,0.0014
204,"Bari mu ɗauko akwatin alkawarin Allahnmu mu kawo wurinmu, gama ba mu neme shi a lokacin mulkin Shawulu ba.","Badam mutaku aquatinal ohrang alamu, makao rumu, kama bamanemesi, alo kachammal kechaulubar",0.0526,0.0047
205,"” Dukan taron jama’a suka yarda su yi haka, domin ya yi daidai ga dukan mutane.",2.2.2.2.2.2.2.2.2.2.2.2.2.2.2.2.2.2.2.2.2.2.2.2.2.2.2.2.2.2.2.2.2.2.2.2.2.2.2.2.2.2.2.2.2.2.2.2.2.2.2.2.2.2.2.2.2.2.2.2.2.2.2.2.2.2.2.2.2.2.2.2.2.2.2.2.2.2.2.2.2.2.2.2.2.2.2.2.2.2.2.2.2.2.2.2.2.2.2.2.2.2.2.2.2.2.2.2.2.2.2.2.2.2.2.2.2.2.2.2.2.2.2.2.2.2.2.2.2.2.2.2.2.2.2.2.2.2.2.2.2.2.2.2.2.2.2.2.2.2.2.2.2.2.2.2.2.2.2.2.2.2.2.2.2.2.2.2.2.2.2.2.2.2.2.2.2.2.2.2.2.2.2.2.2.2.2.2.2.2.2.2.2.2.2.2.2.2.2.2.2.2.2.2.2.2.2.2.2.2.2.2.2.2.2.2.2.2.2.2.2.2.,0.0667,0.0617
206,"Saboda haka Dawuda ya tattara dukan Isra’ilawa, daga Kogin Shihor a Masar zuwa Lebo Hamat, don su kawo akwatin alkawarin Allah daga Kiriyat Yeyarim.","So,",0.0417,0.0081
207,"Dawuda da dukan Isra’ilawa tare da shi suka tafi Ba’ala na Yahuda don su haura daga can su kawo akwatin alkawarin Allah Ubangiji, wanda yake zama tsakanin kerubobi, akwatin alkawarin da ake kira da Sunan.","Dada ada duka isera ilahah, darah dah si suka tepubah-alah, neya hudah, kiriat iya iya iya iya iya iya iya iya iya iya iya iya iya iya iya iya iya iya iya iya iya iya iya iya iya iya iya iya iya iya iya iya iya iya iya iya iya iya iya iya iya iya iya iya iya iya iya iya iya iya iya iya iya iya iya iya iya iya iya iya iya iya iya iya iya iya iya iya iya iya iya iya iya iya iya iya iya iya iya iya iya iya iya iya iya iya iya iya iya iya iya iya iya iya iya iya iya iya iya iya iya iya iya iya iya iya iya iya iya iya iya iya iya iya iya iya iya iya iya iya iya iya iya iya iya iya iya iya iya iya iya iya iya iya iya iya iya iya iya iya iya iya iya iya iya iya iya iya iya iya iya iya iya iya iya iya iya iya iya iya iya iya iya iya iya iya iya iya iya iya iya iya iya iya iya iya iya iya iya iya iya iya iya iya iya iya iya iya iya iya iya iya iya iya iya iya iya iya iya iya iya iya iya iya iya iya",0.178,0.0221
208,"Suka ɗauki akwatin alkawarin Allah daga gidan Abinadab a kan sabon keken shanu, Uzza da Ahiyo ne suke lura da shi.","sukat dahutyaok waktunya al-Orun Allah, dah gira, Abina dah. Akan sahabun kaya-kian, Shah-i-Nu, Uzza, dahahirni, suke lurad-shi.",0.0408,0.004
209,"Dawuda da dukan Isra’ilawa suka yi shagali da dukan ƙarfinsu a gaban Allah, tare da waƙoƙi da garayu, molaye, ganguna, kuge da ƙahoni.","dan dahudah ada dikeksera ilawah, sekejsah kali, dah dudukkan karfinsu, agak bang Allah, darah dah wakut digarayu, mulai gongguna, kuiye dah kohonni.",0.0416,0.0041
210,"Sa’ad da suka kai masussukar Kidon, Uzza ya miƙa hannunsa don yă gyara akwatin alkawarin, gama shanun sun yi tuntuɓe.",sahada svo kai mase sokar ki don ウザa yam ek hannu sa doy ni agar akwatt halkur gama kaanu singetun to bhi,0.0525,0.0042
211,"Sai fushin Ubangiji ya ƙuna a kan Uzza, ya kuma buge shi domin ya sa hannunsa a kan akwatin alkawarin.",یکون آکا ازه یکون بگیشی دو می یا سا هننصا آکا آکا اکا اکا اکا اکا اکا اکا اکا اکا اکا اکا اکا اکا اکا اکا اکا اکا اکا اکا اکا اکا اکا اکا اکا اکا اکا اکا اکا اکا اکا اکا اکا اکا اکا اکا اکا اکا اکا اکا اکا اکا اکا اکا اکا اکا اکا اکا اکا اکا اکا اکا اکا اکا اکا اکا اکا اکا اکا اکا اکا اکا اکا اکا اکا اکا اکا اکا اکا اکا اکا اکا اکا اکا اکا اکا اکا اکا اکا اکا اکا اکا اکا اکا اکا اکا اکا اکا اکا اکا اکا اکا اکا اکا اکا اکا اکا اکا اکا اکا اکا اکا اکا اکا اکا اکا اکا اکا اکا اکا اکا اکا اکا اکا اکا اکا اکا اکا اکا اکا اکا اکا اکا اکا اکا اکا اکا اکا اکا اکا اکا اکا اکا اکا اکا اکا اکا اکا ا,0.3725,0.0681
212,Sai ya mutu a can a gaban Allah.,"saya mutu, Aqang, Agabang Allah.",0.0938,0.0069
213,"Ran Dawuda ya ɓace domin Ubangiji ya husata a kan Uzza, kuma har wa yau ana ce da wannan wuri Ferez Uzza.","Rangdodea bachi, rwemung owangi diia huzata, akau huzza.",0.0455,0.0083
214,"Dawuda ya ji tsoron Allah a wannan rana ya kuma yi tambaya, “Yaya zan taɓa kawo akwatin alkawarin Allah gare ni?",.,0.0476,0.0112
215,” Don haka bai ɗauki akwatin alkawarin ya kasance tare da shi a Birnin Dawuda ba.,"Dhaka, Vedochakwataal Ohran, Yakhasam Chittara deshi, Aburnan Daudha.",0.0667,0.0071
216,"A maimakon haka, ya kai shi gidan Obed-Edom mutumin Gat.",アンディオコンはか。,0.1,0.0227
217,"Akwatin Alkawarin Allah ya zauna tare da iyalin Obed-Edom a gidansa wata uku, Ubangiji kuwa ya albarkaci gidan Obed-Edom da kome da yake da shi.",وقاعتنا الأورن الله يضنة رب إيالن أغرنة أدام أغرنة وطع أقوكوا وبين جديكوا يا عربركة جداً أغرنة أغرنة أدام دكمي ديكة دشي,0.04,0.0086
218,1 TARIHI 11.,Tarihi tada,0.2222,0.0617
219,Dawuda ya zama sarki a bisa Isra’ila.,Daud saya ada maseriki abis saya sariah ialah.,0.1633,0.0166
220,"Dukan Isra’ila fa suka taru wurin Dawuda a Hebron suka ce, “Mu jiki da jininka ne.","Duke isra ilafa, sokat arurandauda, aheburon sokatchi. Muji ki rajinun kanhi.",0.0625,0.004
221,"A dā, ko a lokacin da Shawulu yake sarki, ai, kai ne kake shugabantar Isra’ila a yaƙe-yaƙe.","аda, ko alo ka chanda shawliya kiesel ki, ayaka ki chuga buntar isra illa ayaka ki",0.0554,0.0048
222,"Kuma Ubangiji Allahnka ya ce maka, ‘Za ka zama makiyayin mutanena Isra’ila, za ka kuma zama mai mulkinsu.",وقم أباين جديد أرلان قائاتي مكا,0.0556,0.012
223,’ ”.,So,1.0,2.0
224,Dawuda ya ci Urushalima.,"Sekejapkan di Tawak-Seraila, sekejapkan di Tawak-Seraila, sekejapkan di Tawak-Seraila, sekejapkan di Tawak-Seraila, sekejapkan di Tawak-Seraila, sekejapkan di Tawak-Seraila, sekejapkan di Tawak-Seraila, sekejapkan di Tawak-Seraila, sekejapkan di Tawak-Seraila, sekejapkan di Tawak-Seraila, sekejapkan di Tawak-Seraila, sekejapkan di Tawak-Seraila, sekejapkan di Tawak-Seraila, sekejapkan di Tawak-Seraila, sekejapkan di Tawak-Seraila, sekejapkan di Tawak-Seraila, sekejapkan di Tawak-Seraila, sekejapkan di Tawak-Seraila, sekejapkan di Tawak-Seraila, sekejapkan di Tawak-Seraila, sekejapkan di Tawak-Seraila, sekejapkan di Tawak-Seraila, sekejapkan di Tawak-Seraila, sekejapkan di Tawak-Seraila, sekejapkan di Tawak-Seraila, sekejapkan di Tawak-Seraila, sekejapkan di Tawak-Seraila, sekejapkan di Tawak-Seraila, sekejapkan di Tawak-Seraila, sekejapkan di Tawak-Seraila, sekejapkan di Tawak-Seraila, sekejapkan di Tawak-",6.0,1.87
225,Dawuda tare da dukan Isra’ilawa suka taka zuwa Urushalima .,Soka yirje njärsi agabong ubengiji Soka kuwasha piydouda yalama sardki abisa isra ila yad ubengiji diyei alakauri taurin sama ila Dauda aya churusha lima Dauda tara duka isra ila wa soka taka zua urusha lima wa tu yebus Ie busi awan da sikidama awan Soka cewa douda Badak asega namba,0.6049,0.0838
226,"Yebusiyawan da suke zama a wurin suka ce wa Dawuda, “Ba za ka shiga nan ba.",yada maserki abisa isra illa yada ubany gdai alakauri tauren sama illa. Dauda yaa churusha lima. Dauda tara duka isra illa wa sokataka zua rusha lima wa tu yhe bus. yhe bus yawanda sikidama aurin. sokatce wa dauda. Badaka sega namba.,0.1562,0.0434
227,"Dawuda ya ce, “Duk wanda ya jagoranci yaƙi a kan Yebusiyawa zai zama babban shugaban mayaƙa.",Daura tara duka isara ila wa soka taka zua rusha lima wa tu ye bus. Ye bus sihawan daseki dama aurin soka ce wa daura. Badakasega namba. Dok de haka. Dauda eti kagarar sihyuna burnin daura. Dauda eti duandeja aurin tiai ki. Akar iya bus sihawan. De lembuban shukabumma yaka.,0.1914,0.0301
228,"” Yowab ɗan Zeruhiya ya fara haurawa, ta haka ya zama shugaba.",urusha Lima. Dada tara duka isara ila wa sakata ka zua urusha Lima. Waatu ye bus. Ye busiawan daseki dama aurang. Soka ce wa dada. Badaka sega namba. Dada haka. Dada eti. Kagarar. Sehiuna. Brennan dada. Dada eti duandhe jagorin tiaki. Akka ye busi awa. Dada mubban shukabam maya ka. Yau. Lain zaru hiya. Iya faara haura wa. Taaka edama shukabam.,0.4959,0.099
229,Jarumawan Dawuda.,you,0.5,0.0622
230,Ga jerin sunayen jarumawan Dawuda.,Soka kwa shia pia doda yalama sardki abisa isra illa yad uba inki diyei ala kauri tauren sama illa. Dauda aya chu urusha lima. Dauda tara duka isra illa wa soka taka zua urusha lima wa tu ye bus. Ye bus yawanda sikidama aurin. Soka ce wa doda wa daka sega namba. Dokda haka. Dauda,2.2,0.2342
231,"A wani wuri inda akwai gona cike da sha’ir, sojoji suka gudu daga Filistiyawa.","sara illa, saka do urun sarkidaudha, ahhebrun.",0.0714,0.012
232,"Suka ragargaza Filistiyawa, Ubangiji kuma ya kawo babban nasara.","sekelahu-urun serki doda, akhir-buro. suka iar jadanya nyali sih, aga bang ubing gidik.",0.1481,0.0178
233,"A lokacin Dawuda yana cikin mafaka, sojojin Filistiyawa kuma suna a Betlehem.",Sekarang kita sudah akhir-bernya.,0.0833,0.0125
234,"Ko da yake mutumin Masar yana da māshi kamar sandan masaƙa a hannunsa, Benahiya ya yaƙe shi da kulki.",Sörekli,0.0526,0.0114
235,Dawuda kuwa ya sa shi yă lura da masu tsaron lafiyarsa.,ومعيلا,0.0909,0.0227
236,Abiyezer daga Anatot.,be,0.3333,0.0494
237,Ittai ɗan Ribai daga Gibeya a Benyamin.,لكودي,0.1429,0.0312
238,"Adina ɗan Shiza mutumin Ruben, wanda shi ne babba na mutanen Ruben, kuma talatin suna tare da shi.",I'm going to,0.0556,0.012
239,1 TARIHI 14.,Tarih itu ada sekurang-kurang-kurang-kurang.,0.4444,0.3951
240,Gida da iyalin Dawuda.,Gide de yerinde uradan.,0.25,0.0309
241,"To, fa, Hiram sarkin Taya ya aika da ’yan aika zuwa wurin Dawuda, tare da gumaguman al’ul, maginan duwatsu da kafintoci, don su gina wa Dawuda fada.","Topa, Hiram, Sarkintaia, Yaikara en Aykazua urindoda. Tare da, Guma, Guma, Alul. Malginang, Duasu, Dakao Pintoti, Don't Sighinaudoda Fada.",0.0316,0.0022
242,Dawuda kuwa ya san cewa Ubangiji ya kafa shi a matsayin sarki a bisa Isra’ila kuma cewa an ɗaukaka mulkinsa saboda mutanensa Isra’ila.,. . . . . . . . . . . . . . . . . . . . . . . . . . . . . . . . . . . . . . . . . . . . . . . . . . . . . . . . . . . . . . . . . . . . . . . . . . . . . . . . . . . . . . . . . . . . . . . . . . . . . . . . . . . . . . . . . . . . . . . . . . . . . . . . . . . . . . . . . . . . . . . . . . . . . . . . . . . . . . . . . . . . . . . . . . . . . . . . . . . . . . . . . . . . . . . . . . . . . . . . . . . . . . . . . . . . . . . . . . . . . . . . . . . . . . . . . . . . . . . . . . . . . . . . . . . . . . . . . . . . . . . . . . . . . . . . . . . . . . . . . . . . . . . . . . . . . . . . . . . . . . . . . . . . . . . . . . . . . . . . . . . . . . . . . . . . . . . . . . . . . . . . . . . . . . . . . . . . . . . . . . . . . . . . . . . . . . . . . . . . . . . . . . . . . . . . . . . . . . . . . . . . . . . . . . . . . . . . . . . . . . . . . . . . . . . . . . . . . . . . . . . .,0.0435,0.0092
243,"A Urushalima, Dawuda ya ƙara auren waɗansu mata, ya kuma zama mahaifin ƙarin ’ya’yan maza da mata.","urusha Lima, dao dao kaara aurang warang somata, yokumadama mahaifing karan tae amaza, damata",0.0588,0.0032
244,Ga sunayen yaran da aka haifa masa a can.,Gassuna yaranda akhaifama sahaja,0.1111,0.0078
245,"Shammuwa, Shobab, Natan, Solomon, Ibhar, Elishuwa, Elfelet, Noga, Nefeg, Yafiya, Elishama, Beyeliyada da Elifelet.",شموة شباب ناطن صلمون يبحر الى كوى الفالك نوغة نافك يا فيها الى شامة بياليارة دى الفالك,0.0867,0.0112
246,Dawuda ya ci Filistiyawa da yaƙi.,"Da hora é a ti, filistinha vai derregar.",0.2222,0.0219
247,"Sa’ad da Filistiyawa suka ji an naɗa Dawuda sarki a bisa dukan Isra’ila, sai suka haura da cikakken mayaƙa don su neme shi, amma Dawuda ya ji game da wannan ya kuwa fita don yă ƙara da su.","Saya dah polis saya sekerjaan anak dah udah, saya kisah-kisah, abut saya duduk ke isera ilah. Sejur sekehaura, datik kekekemaaka, dan senemyhsi. Amat dah udah, agi, gama dah wana, yak kuak pita, donyak karah-dus.",0.0263,0.0035
248,"To, fa, Filistiyawa suka zo suka kai wa Kwarin Refayim hari; sai Dawuda ya roƙi Allah ya ce, “In tafi in yaƙi Filistiyawa?",2-5 policiawa sekado sekakaiwa qarunghre faim hari saidaudayaru ka ala'echi,0.0416,0.0055
249,Za ka ba da su gare ni?,Acabar a sua garinha.,0.1429,0.0273
250,"Ubangiji ya amsa masa ya ce, “Ka tafi, zan ba da su gare ka.",مبنگی دی امسا ایچی کتبی زمبار سوگری که سبودا حق دو داد مطانا سا که حورازوا وعالفیرازیم,0.0867,0.0379
251,"Saboda haka Dawuda da mutanensa suka haura zuwa Ba’al-Ferazim, a can kuwa suka ci Filistiyawa da yaƙi.","Dauda dama ta nasa, su ka haura zua wa alphirazim. Achaunkuwa su ka cifoli siyawa dea ki",0.0554,0.0039
252,"Sai ya ce, “Kamar yadda ruwa kan raraki ƙasa, haka Allah ya raraki abokan gābana ta wurin hannuna.",Kama riyad dua kararachi kasah haka alla erarachi abukanga bana taurun hanwa,0.0525,0.0047
253,” Saboda haka aka kira wurin Ba’al-Ferazim.,"Aka tirağı urun. Baal, ferazim.",0.1667,0.0129
254,"Filistiyawa suka yashe allolinsu, Dawuda kuma ya ba da umarnai a ƙone su a wuta.",Pilih siapa? Soka gasi alu linsu. Do daak kema. Yaba ada umaneya kone su.,0.0667,0.0066
255,"Filistiyawa suka sāke kai hari wa kwarin; sai Dawuda ya sāke roƙi Allah, Allah kuwa ya amsa masa, “Kada ka tafi kai tsaye, amma ka yi zobe kewaye da su, ka kuma fāɗa musu a gaban itatuwan tsamiya.",police 要は  suka  SARS 而 和 患 雖然  SARS 協 弱 音 阿 阿 阿 阿 阿 阿 阿 阿 阿 阿 阿 阿 阿 阿 阿 阿 阿 阿 阿 阿 阿 阿 阿 阿 阿 阿 阿 阿 阿 阿 阿 阿 阿 阿 阿 阿 阿 阿 阿 阿 阿 阿 阿 阿 阿 阿 阿 阿 阿 阿 阿 阿 阿 阿 阿 阿 阿 阿 阿 阿 阿 阿 阿 阿 阿 阿 阿 阿 阿 阿 阿 阿 阿 阿 阿 阿 阿 阿 阿 阿 阿 阿 阿 阿 阿 阿 阿 阿 阿 阿 阿 阿 阿 阿 阿 阿 阿 阿 阿 阿 阿 阿 阿 阿 阿 阿 阿 阿 阿 阿 阿 阿 阿 阿 阿 阿 阿 阿 阿 阿 阿 阿 阿 阿 阿 阿 阿 阿 阿 阿 阿 阿 阿 阿 阿 阿 阿 阿 阿 阿 阿 阿 阿 阿 阿 阿 阿 阿 阿 阿 阿 阿 阿 阿 阿 阿 阿 阿 阿 阿 阿 阿 阿 阿 阿 阿 阿 阿 阿 阿 阿 阿 阿 阿 阿 阿 阿 阿 阿 阿 阿 阿 阿 阿 阿 阿 阿 阿 阿 阿 阿 阿 阿 阿 阿 阿 阿 阿 阿 阿 阿 阿 阿 阿 阿 阿 阿,0.151,0.0099
256,"Da zarar ka ji motsin takawa a sama itatuwan tsamiya, ka fita don yaƙi, domin wannan zai nuna cewa Allah ya fita a gabanka don yă bugi mayaƙan Filistiyawa.","Dadarak hajar untuk menentah kawah, asama, ia tawah saya. Kaputah, doanya hati. Duma wanda saya nuh nanti awak. Allah ia putah agak bangka. Doanya berjuma yang akan polisi awak.",0.0345,0.0041
257,"” Saboda haka Dawuda ya yi kamar yadda Allah ya umarce shi, suka kuma bugi mayaƙan Filistiyawa, tun daga Gibeyon har zuwa Gezer.",ii,0.0455,0.0096
258,"Sai sunan Dawuda ya bazu ko’ina a ƙasar, Ubangiji kuwa ya sa dukan al’ummai suka ji tsoronsa.","Say su nandaura, ya goto ko ina akasar. Vengi ji koa, e sa dikan al umai, suka ji sua ransa.",0.0554,0.0039
259,1TAR 14.,I thought,0.5,0.1944
260,Hiram da Dawuda.,I,0.3333,0.071
261,"Sai Hiram Sarkin Taya ya aiki manzanni wurin Dawuda, su kai masa itatuwan alul, da magina, da massassaƙa domin a gina masa fāda.",sestarki hiram naka sartaya ja aiki en saako zua urindauda tara de kata kaimita censida de kuma ma sugini de dua su da kafi tochi dermins sugina wa doda,0.0491,0.0068
262,"Dawuda kuwa ya gane Ubangiji ya tabbatar masa da sarautar Israila, mulkinsa kuwa ya ɗaukaka ƙwarai saboda jamaarsa, Israila.",دو دا يغاني چيوة ياو يا طبطر بشيصاركي اقان اصرا الى كما يا دوكا كملكينسا سبو دا يا كوني چي متى,0.0582,0.0097
263,Yayan da aka Haifa wa Dawuda a Urushalima.,ننسر إسرائي الله,0.125,0.0294
264,"Dawuda kuwa ya ƙara auren waɗansu mata a Urushalima, suka haifi yaya mata da maza.","Dô-do que o a cara ou o rimata, suca-hai-fá-masa é a amazada em uma atalada.",0.0667,0.0096
265,"Ga sunayen yayan da aka haifa masa a Urushalima, Shimeya, da Shobab, da Natan, da Sulemanu, da Ibhar, da Elishuwa, da Elifelet, da Noga, da Nefeg, da Yafiya, da Elishama, da Eliyada, da Elifelet.",كسونع يموعد أن دعك حيث مصاء عرش لما شموة دشوب باب دناتا دصل من دائيب حر تإليشوة دائلي فلت دنوغة دائنفك دائيا فيا دائلي شامة دبيالي يادة دائلي فلت,0.0294,0.0068
266,Dawuda Ya Ci Filistiyawa da Yaƙi.,"Dao de aci n-a sara, acam filistiava.",0.1944,0.0288
267,"Saad da Filistiyawa suka ji an naɗa Dawuda ya zama Sarkin Israila duka, sai dukan Filistiyawa suka haura, suna neman Dawuda.","Açada, Felisteia a açucadia, nada da hora de sarkin e sua ila. Se aducan suca-fita, nem mança 2 menos suca a machi.",0.0499,0.0058
268,"Da Dawuda ya ji labari, sai ya fita domin ya yi yaƙi da su.","Daú dera de Haca, seria a Fita 2 Minha Sado do Sul.",0.0663,0.0124
269,Filistiyawa suka iso kwarin Refayawa suka fara fatali da shi.,"Filiistiawan, suka kai hari, suka ko ashi kaya, akorin rifea ziawa.",0.1,0.0123
270,"Sai Dawuda ya roƙi Allah, ya ce, “In tafi in yi yaƙi da Filistiyawa?",سيدونا في عتم بي اللعاتي كو انتفي اي ايكي دفلستي او,0.0714,0.0196
271,Za ka bashe su a hannuna?,"Thank you, Basha.",0.1667,0.0416
272,”.,はのか,1.0,3.0
273,"Ubangiji kuwa ya amsa masa, ya ce, “Ka haura, gama zan bashe su a hannunka.",یا آمصا یا چی کتفی زم باشیسو احنوکا سداد دمتانیسا سکا هورا زوابا آل فراؤ زمتیم,0.0711,0.0201
274,"Sai suka haura zuwa Baal-ferazim, Dawuda kuwa ya ci su da yaƙi a wurin.",سدودة متانسة سكحورة الظابع الفراء بم. أنا يأتي نصرى أكم في الاستياء و سدودة يأتي. اللي أبركي و أبوكاً غابانة توري عنونة كمر يده بوها يأبركي دغدام. سبود حقا أنا أتي دوري,0.1633,0.044
275,” Don haka aka sa wa wurin suna Baal-ferazim.,فلستعوا كوا سكبار جميع كانسوا أورين سي دو دا يأمرتها كواشيسوا عن كوني,0.2031,0.0493
276,Filistiyawa suka gudu suka bar gumakansu a wurin.,"Allah ya parik ki, waw abokanga abana teurin anuna kemariyad dua ya parik ki, dega dam, sabah dehaka anak-ceh deurin baal, feraz, zim, waw tu ubang ki ki ya parik ki. Fulis teawak kuaw suka bargumakan suah urin, seedaw",0.5938,0.0815
277,"Dawuda kuwa ya yi umarni, aka ƙone su duka.","Dağda yasay kitem bey Allah'a'ya çemezsa, kada kafa da musudu yakin de göğe, gaba indekaki, amak",0.1975,0.0533
278,Filistiyawa kuma suka sāke kawo yaƙi a kwarin.,bariki wa abokanga abana te urin anuna kamariad dua ya bariki de gadam sabo de haka anathye de urin ba al feraz zim wa tu ubangyeji ya bariki. Feliste wa kuwa su kabar gumakansu a urin se daudah ya umurta akakwa shesu angkoni. Feliste wa kuwa su kasaki kaihari akwari,0.7656,0.1295
279,1 TARIHI 18.,取り引くとで,0.3333,0.1111
280,Nasarorin Dawuda.,தார்க்கிம் கார்கிம்,0.5,0.0667
281,"Ana nan sai Dawuda ya ci Filistiyawa ya kuma rinjaye su, ya ƙwace Gat da ƙauyukan kewayenta daga mulkin Filistiyawa.",iakuma rinja isu,0.05,0.0091
282,"Dawuda ya kuma ci Mowabawa, suka zama bayinsa suka kuma biya haraji.",ii,0.0833,0.0175
283,"Ban da haka, Dawuda ya yaƙi Hadadezer sarkin Zoba, har can Hamat, sa’ad da ya je don yă kafa mulkinsa a wajen Kogin Yuferites.",The,0.0417,0.01
284,"Dawuda ya kame keken yaƙinsa dubu ɗaya, da mahayan kekunan yaƙi dubu bakwai da sojojin kafa guda dubu ashirin.","Đó đái à khá mì kế kế nhá kến sạ. Đù buu đéa, đá mát hẹn kếc khun anh nhá yi. Đù buu bó khái. Đó sô dô dân cấp à. Gó đá đù buu xe đương",0.1025,0.0083
285,"Ya yayyanke dukan agaran dawakansa, amma ya bar dawakai da suka isa jan kekunan yaƙi ɗari.",di yayai yang kiri dukang agar-ang-dawakan-sa.,0.0625,0.0096
286,"Da Arameyawan Damaskus suka zo su taimaki Hadadezer sarkin Zoba, sai Dawuda ya bugi dubu ashirin da biyunsu.","DamaSkhus, Sokazos temeki Hada Desert, Sarkin Zuba, Seda daib Gidbu Ashirin, Dabilun Su",0.0494,0.0038
287,Ya sa ƙungiyoyin sojoji a masarautar Arameyawan Damaskus.,"Yasa, Undio Yunso Jodhi, Amasarauter Aramaya Wanda Mascus.",0.125,0.0037
288,"Arameyawan kuwa suka zama bayinsa, suka kuma kawo haraji.",.,0.1111,0.0213
289,Ubangiji ya ba Dawuda nasara a ko’ina da ya tafi.,Bukan bagi di mana?,0.1,0.0201
290,"Dawuda ya kwashe garkuwoyin zinariyan da shugabannin sojojin Hadadezer suke riƙe, ya kawo su Urushalima.","Dao da ya kwa shi garukkuo yin zinariyang, de shugaban nil soli ojin hada da da da da da da da da da da da da da da da da da da da da da da da da da da da da da da da da da da da da da da da da da da da da da da da da da da da da da da da da da da da da da da da da da da da da da da da da da da da da da da da da da da da da da da da da da da da da da da da da da da da da da da da da da da da da da da da da da da da da da da da da da da da da da da da da da da da da da da da da da da da da da da da da da da da da da da da da da da da da da da da da da da da da da da da da da da da da da da da da da da da da da da da da da da da da da da da da da da da da da da da da da da da da da da da da da da da da da da da da da da da da da da da da da da da da da da da da da da da da da da da da da da da da da da da da da da da da da da da da da da da da da da da da da da da da da da da da da da da da da da da da da da da da da da da da da da da da da da da da da da da da da da da da da da da da da da da da da da da da da da da da da da da da da da da da da da da da da da da da da da da da da da da da da da da da da da da da da da da da da da da da da da da da da da da da da da da da da da da da da da da da da da da da da da da da da da da da da da da da da da da da da da da da da da da da da da da da",1.8844,0.1072
291,"Daga Teba da Kun, garuruwan da suke ƙarƙashin Hadadezer, Dawuda ya kwashe tagulla da yawa sosai, wanda Solomon ya yi amfani don yă yi Tekun tagulla, ginshiƙai da kuma kayayyakin tagulla dabam-dabam.","dan keteba, dakuun, galu ruang desuki, karka-singhada ada jar, doda yang kuasi tak gulla, dia wala susai. Wanda selama, ya ampani, donyai tekung tak gulla, ginsikai, dokuma kaya kinta gulla, davanda gama.",0.0303,0.002
292,"Sa’ad da Towu sarkin Hamat ya ji cewa Dawuda ya ci mayaƙan Hadadezer sarkin Zoba gaba ɗaya, sai ya aiki ɗansa Hadoram zuwa wurin Sarki Dawuda yă gaishe shi yă kuma yi masa barka da nasara a yaƙi a kan Hadadezer, wanda yake yaƙi da Towu.","Sari kehamat, itu cewa ada ya semai akan hada ada, sari kembuba, gabat ya. Saya ekit-tansa, hada RAM, dua orang sari kehidouda, ya ga ixi, ya kumimasabar ke denasara ayaki akan hada ada, 1 day ayaki,",0.0203,0.0023
293,Hadoram ya kawo kowane irin kayayyakin zinariya da na azurfa da na tagulla.,حدرام يقاو كون إرنقاية كنزينارية دنعادروا با دنتجللا,0.0769,0.0161
294,"Sarki Dawuda ya miƙa waɗannan kayayyakin ga Ubangiji, kamar yadda ya yi da azurfa da kuma zinariyan da ya kwaso daga dukan waɗannan al’ummai.","Sekariki dah udah, yomi kevatan nangkahnya keuban gini. Kameria dia idah Azurfa, dokumah dinarian dia kuasuh, dan gaduk keangvatan nang alu mail.",0.0399,0.0033
295,"Edom da Mowab, Ammonawa da Filistiyawa, da kuma Amalek.",iya duma wap. amana wa dapolistiya wa do kuma amaleg.,0.1111,0.0067
296,Abishai ɗan Zeruhiya ya bugi mutanen Edom dubu goma sha takwas a Kwarin Gishiri.,"Ableciai, dansa ruhia, ya beginning meta nae edom, dubu go mashatta kats, aqua ring gisi",0.0612,0.006
297,"Ya sa ƙungiyoyin sojoji a Edom, dukan mutanen Edom kuwa suka zama bayin Dawuda.",iya sa umbio iyus ojoji a edong.,0.0663,0.0115
298,Ubangiji ya ba Dawuda nasara a ko’ina da ya tafi.,kubangi ziyaba adauda nasara akoina deitip,0.09,0.0069
299,Manyan ma’aikatan Dawuda.,megnyem megheten doda.,0.3333,0.0295
